Users,carts,catalogue,front-end,orders,payment,queue-master,shipping,user
100,11.132449,2.110531,29.125086,3.206172,0.588844,1.293829,1.451142,5.723491
200,16.266063,2.815465,39.059540,4.578655,0.757708,1.610605,1.888140,7.377424
300,14.181983,2.534621,34.917285,4.109035,0.079153,0.229464,0.224253,6.625848