Users,carts,catalogue,front-end,orders,payment,queue-master,shipping,user
100,59.043648,5.919922,10.146721,57.292828,3.367188,47.628906,49.969096,7.305936
200,59.418558,5.908972,10.922554,57.849949,3.359887,47.612846,49.713717,7.322202
300,59.349270,5.894531,11.382134,58.194173,2.031794,47.574219,49.592021,7.311700